asset,gap,timestamp,vwap,true_next_vwap,pred_next_vwap
0G,12h,1764332251000000000,1.228985071182251,1.2130887508392334,1.212800969652332
0G,15m,1762691675000000000,1.6783231496810913,1.7567815780639648,1.6793348686201888
0G,1h,1762692057000000000,1.7249953746795654,1.806508421897888,1.6926229068321272
0G,1m,1762701062000000000,1.748199462890625,1.7515276670455933,1.7790370693587731
0G,2h,1764814459000000000,1.172692894935608,1.1724025011062622,1.211244269135887
0G,30m,1762690964000000000,1.6887580156326294,1.7675487995147705,1.6793348686201888
0G,3m,1762700429000000000,1.745644450187683,1.7518349885940552,1.7788291307148987
0G,4h,1764731675000000000,1.1777204275131226,1.1719316244125366,1.211244269135887
0G,5m,1762700292000000000,1.7500091791152954,1.7541028261184692,1.7792413585020033
0G,6h,1764399429000000000,1.2238341569900513,1.2122257947921753,1.212800969652332
0G,8h,1764030489000000000,1.2543706893920898,1.2110823392868042,1.2631968955165402
AAVE,12h,1765081580000000000,188.7207946777344,190.03155517578125,187.37192031694644
AAVE,15m,1763426558000000000,175.67335510253906,157.98904418945312,165.6450665421917
AAVE,1h,1763696326000000000,163.35488891601562,156.3492431640625,163.464505565034
AAVE,1m,1763744380000000000,157.50233459472656,157.473388671875,157.05485083067313
AAVE,2h,1765236439000000000,190.88519287109372,190.55577087402344,190.88949381509238
AAVE,30m,1763157262000000000,180.14219665527344,178.3841094970703,178.9650413641865
AAVE,3m,1763743303000000000,157.74534606933594,157.6256866455078,157.5290076412208
AAVE,4h,1765213070000000000,190.6773223876953,190.40325927734372,190.77303003158409
AAVE,5m,1763172151000000000,178.42001342773438,175.95849609375,177.42935429076167
AAVE,6h,1765147420000000000,190.50946044921875,190.40185546875,190.36523778567258
AAVE,8h,1765125392000000000,191.0850982666016,190.0827178955078,190.180217985475
ALCX,12h,1764685944000000000,10.512757301330566,10.575457572937012,10.750062274569702
ALCX,15m,1762428227000000000,14.676172256469728,15.1796875,14.635813054709295
ALCX,1h,1762430517000000000,14.187400817871094,15.555679321289062,14.210776850347937
ALCX,1m,1762444770000000000,15.172054290771484,15.151257514953612,15.119487413295502
ALCX,2h,1764764432000000000,10.642650604248049,10.644750595092772,10.80306277972447
ALCX,3m,1762443724000000000,14.960052490234377,15.158492088317873,14.977647598332789
ALCX,4h,1764731675000000000,10.586880683898926,10.61697483062744,10.759171956264574
ALCX,5m,1762443675000000000,14.97691535949707,15.215046882629396,14.98013794531921
ALCX,6h,1764752584000000000,10.595975875854492,10.58764362335205,10.759171956264574
ALCX,8h,1764686180000000000,10.643823623657228,10.711621284484863,10.80306277972447
APT,12h,1765081580000000000,1.8710917234420776,1.804857611656189,1.9084482420480648
APT,1m,1762570900000000000,3.099825143814087,3.107075452804565,3.0856617261469452
APT,2h,1765236439000000000,1.8091520071029663,1.8002549409866333,1.7811180257262929
APT,3m,1762569389000000000,3.0878143310546875,3.103400468826294,3.075427587588699
APT,4h,1765213070000000000,1.8181952238082888,1.7957735061645508,1.7811180257262929
APT,5m,1762569683000000000,3.092733860015869,3.107081174850464,3.076958675560676
APT,6h,1765147420000000000,1.8443797826766968,1.8156908750534055,1.8518802493419775
APT,8h,1765125392000000000,1.8643248081207275,1.8088929653167725,1.9078858811005737
AR,12h,1765081580000000000,4.183795928955078,4.108529090881348,4.15368203730474
AR,15m,1762609279000000000,7.799044609069824,7.788434028625488,7.79829349026839
AR,1h,1762615412000000000,7.777763366699219,5.67202615737915,7.549289697748549
AR,1m,1762620951000000000,7.780900955200195,7.776528835296631,7.797354904768467
AR,2h,1765236439000000000,4.109467029571533,4.0956549644470215,4.134912199576249
AR,30m,1762592402000000000,7.900042533874512,7.763957500457764,7.854194753527955
AR,3m,1762620808000000000,7.778104782104492,7.74346923828125,7.747333914132748
AR,4h,1765213070000000000,4.129438877105713,4.090156555175781,4.151661805386093
AR,5m,1762618800000000000,7.7795562744140625,7.773670196533203,7.797354904768467
AR,6h,1765147420000000000,4.182307243347168,4.119858264923096,4.153853149180151
AR,8h,1765038769000000000,4.210306644439697,4.216145992279053,4.153853149180151
ASR,12h,1762260794000000000,1.6945887804031372,1.551158428192139,1.6793348686201888
ASR,2h,1762392197000000000,1.6141409873962402,1.5637538433074951,1.6042675088849117
ASR,4h,1762348035000000000,1.6800163984298706,1.5859057903289795,1.6793348686201888
ASR,6h,1762326036000000000,1.673545241355896,1.6039553880691528,1.6793348686201888
ASR,8h,1762304146000000000,1.6881155967712402,1.5467748641967771,1.6793348686201888
ASTER,12h,1763683270000000000,1.2907319068908691,1.2583584785461426,1.289555056598543
ASTER,15m,1763810661000000000,1.2087256908416748,1.188212513923645,1.211244269135887
ASTER,1h,1763784365000000000,1.2308777570724487,1.2260528802871704,1.2130375956828994
ASTER,1m,1763902791000000000,1.1894441843032837,1.171644926071167,1.211244269135887
ASTER,2h,1763776156000000000,1.2558962106704712,1.255915880203247,1.2631968955165402
ASTER,30m,1763795538000000000,1.2283917665481567,1.175352931022644,1.212800969652332
ASTER,3m,1763901573000000000,1.1877869367599487,1.1896741390228271,1.211244269135887
ASTER,4h,1763772105000000000,1.2547893524169922,1.254868984222412,1.2631968955165402
ASTER,5m,1763902978000000000,1.1895195245742798,1.1730512380599976,1.211244269135887
ASTER,6h,1763619525000000000,1.2556077241897583,1.271761775016785,1.2631968955165402
ASTER,8h,1763597516000000000,1.257212519645691,1.2775585651397705,1.2631968955165402
ATOM,12h,1764900357000000000,2.324939012527466,2.3191401958465576,2.3192191582965216
ATOM,2h,1765018193000000000,2.299926519393921,2.298600435256958,2.301003395337509
ATOM,4h,1764995957000000000,2.297527551651001,2.30178451538086,2.30085907581461
ATOM,6h,1764952344000000000,2.316434621810913,2.297844886779785,2.3058440349364346
ATOM,8h,1764943454000000000,2.314560651779175,2.3112902641296387,2.305367265843914
AUCTION,12h,1764426289000000000,6.093279838562012,6.170964241027832,6.126550588093036
AUCTION,2h,1764633677000000000,6.145144462585449,6.133884429931641,6.166267401997769
AUCTION,4h,1764601404000000000,6.109433650970459,6.088538646697998,6.121947840146398
AUCTION,6h,1764557618000000000,6.135189533233643,6.090827941894531,6.155941945275606
AUCTION,8h,1764512939000000000,6.087115287780762,6.057561874389648,6.113181471887657
AVAX,12h,1765081580000000000,13.875021934509276,13.955989837646484,13.876757754186235
AVAX,15m,1764838046000000000,14.769979476928713,13.381023406982422,14.670330762946893
AVAX,1h,1764985952000000000,13.576038360595703,13.418176651000977,13.562084345767438
AVAX,1m,1765162196000000000,13.37731647491455,13.382784843444824,13.388211367278853
AVAX,2h,1765236439000000000,13.96095085144043,13.861571311950684,13.902522566294289
AVAX,30m,1764837688000000000,14.78115463256836,13.40380573272705,14.675232728604808
AVAX,3m,1765160917000000000,13.366727828979492,13.382306098937988,13.38620840751813
AVAX,4h,1765213070000000000,13.97725772857666,13.787423133850098,13.947498822984759
AVAX,5m,1764845432000000000,14.825187683105469,13.381231307983398,14.71229626958179
AVAX,6h,1765147420000000000,14.004737854003906,13.973560333251951,13.973503360469165
AVAX,8h,1765125392000000000,14.036951065063477,13.946430206298828,13.983068704363717
AXS,12h,1762779780000000000,1.3989660739898682,1.443759560585022,1.4185528118590527
AXS,2h,1763710776000000000,1.2640166282653809,1.2579810619354248,1.2631968955165402
AXS,4h,1762904753000000000,1.418944239616394,1.255511999130249,1.4187055924215337
AXS,6h,1762904684000000000,1.420943260192871,1.4441159963607788,1.4187055924215337
AXS,8h,1762736878000000000,1.381617307662964,1.4263343811035156,1.3716298728382423
BANANA,12h,1764685944000000000,9.495083808898926,9.483820915222168,9.461696629803251
BANANA,2h,1764770794000000000,9.864364624023438,9.945940971374512,10.10465726816822
BANANA,4h,1764731675000000000,9.933627128601074,10.016454696655272,10.105598119472562
BANANA,6h,1764752584000000000,9.895838737487791,9.88180923461914,10.104390385900393
BANANA,8h,1764686180000000000,9.76935577392578,9.890247344970703,9.6471011773762
BCH,12h,1765081580000000000,572.9401245117188,582.8990478515625,577.0002869187391
BCH,15m,1764804726000000000,586.0315551757812,588.1010131835938,586.0637697940153
BCH,1h,1764770804000000000,575.9368286132812,587.7864379882812,578.3556627805974
BCH,1m,1764813690000000000,588.3935546875,588.5814208984375,587.7738326547108
BCH,2h,1765236439000000000,584.5106811523438,583.3470458984375,585.5862460087402
BCH,30m,1764771428000000000,571.90673828125,586.5314331054688,576.893468145247
BCH,3m,1764812752000000000,588.5609741210938,588.52880859375,587.8145352463716
BCH,4h,1765213070000000000,584.8126220703125,583.05419921875,589.1809048270171
BCH,5m,1764812558000000000,588.3035888671875,588.2322387695312,587.8208661164413
BCH,6h,1765147420000000000,582.129150390625,585.6064453125,581.7019288116245
BCH,8h,1765125392000000000,580.3550415039062,583.8223266601562,583.7963085281295
BERA,12h,1763034252000000000,1.6489667892456057,1.6089062690734863,1.668673521728438
BERA,2h,1763165713000000000,1.624305009841919,1.617194414138794,1.6043957844053898
BERA,4h,1763077877000000000,1.6480143070220947,1.6016039848327637,1.6551423093348903
BERA,6h,1762969633000000000,1.650120973587036,1.6382075548171997,1.6757285531767925
BERA,8h,1762991394000000000,1.6460787057876587,1.646322250366211,1.654544475285056
BNB,12h,1765081580000000000,890.4501342773438,899.5252075195312,891.3476977570634
BNB,15m,1765244251000000000,902.4906005859376,896.657958984375,901.3118723800794
BNB,1M,1760448882000000000,963.3121948242188,981.8806762695312,975.4942719832774
BNB,1d,1760448799000000000,1128.6484375,1166.802490234375,1149.4588812865147
BNB,1h,1765239637000000000,902.184326171875,894.9713134765625,897.6057589947676
BNB,1m,1765259373000000000,896.422607421875,896.6630249023438,896.5796774521157
BNB,1w,1760448838000000000,1188.1060791015625,1184.091064453125,1187.8372970429323
BNB,2h,1765236439000000000,899.2180786132812,898.3015747070312,898.7994356612683
BNB,30m,1765240034000000000,903.3805541992188,897.9771118164062,902.435646958631
BNB,3m,1765258683000000000,896.1083984375,896.6333618164062,896.3623685384748
BNB,4h,1765213070000000000,898.92333984375,897.3641357421875,898.9181012168449
BNB,5m,1765258259000000000,896.040283203125,896.4100952148438,896.0840714402723
BNB,6h,1765147420000000000,897.0888671875,899.1395874023438,897.1625667583272
BNB,8h,1765125392000000000,896.87841796875,898.7491455078125,897.1028280500333
BNSOL,2h,1762348712000000000,186.61724853515625,185.0691070556641,185.99954897799643
BNSOL,6h,1762326036000000000,187.9626617431641,183.7364959716797,187.31680373569318
BTC,12h,1765081580000000000,91288.6875,91254.21875,91254.76183201729
BTC,15m,1765244251000000000,90660.3046875,90068.4453125,90503.84402033518
BTC,1M,1760448882000000000,111529.5546875,111556.453125,111996.72470556942
BTC,1d,1760448799000000000,116042.171875,113434.3203125,114227.09629455199
BTC,1h,1765239637000000000,90646.3828125,90007.453125,90030.73834927018
BTC,1m,1765259373000000000,90343.9921875,90415.703125,90419.20176670245
BTC,1w,1760448838000000000,116389.9296875,114116.546875,114513.59785111743
BTC,2h,1765236439000000000,91213.40625,91007.859375,91191.18699286577
BTC,30m,1765240034000000000,90781.0234375,90234.5390625,90529.54641811937
BTC,3m,1765258683000000000,90330.2890625,90409.5390625,90481.13544616243
BTC,4h,1765213070000000000,91383.3203125,90981.7890625,91352.88130572285
BTC,5m,1765258259000000000,90277.7734375,90360.0,90370.24309867779
BTC,6h,1765147420000000000,91567.8984375,91306.9765625,91320.55874866835
BTC,8h,1765125392000000000,91676.4609375,91220.453125,91190.36905694705
CAKE,12h,1765081580000000000,2.351735591888428,2.320096254348755,2.34937797084815
CAKE,15m,1762856465000000000,2.655481100082397,2.705483675003052,2.659528948428718
CAKE,1h,1762219211000000000,2.204671859741211,2.665119171142578,2.197487393423056
CAKE,1m,1762867754000000000,2.7067763805389404,2.707484245300293,2.7226974941936724
CAKE,2h,1765236439000000000,2.311187028884888,2.3067026138305664,2.3018151571813004
CAKE,3m,1762867541000000000,2.7069785594940186,2.707930326461792,2.7226974941936724
CAKE,4h,1765213070000000000,2.316083669662476,2.301527500152588,2.305676514941548
CAKE,5m,1762867785000000000,2.706064224243164,2.7067010402679443,2.7223420113940016
CAKE,6h,1765147420000000000,2.339902639389038,2.318212509155273,2.3272106876831007
CAKE,8h,1765125392000000000,2.344585418701172,2.3092386722564697,2.3282204451464272
COMP,12h,1764951756000000000,34.90352249145508,33.99076843261719,34.355241483356124
COMP,2h,1765105486000000000,34.25895309448242,34.01978302001953,34.16800323746862
COMP,4h,1765082802000000000,34.07905578613281,34.01187515258789,33.87725070130168
COMP,6h,1765017357000000000,34.61557388305664,34.07655334472656,34.3558514658036
COMP,8h,1764952128000000000,34.8032341003418,34.50715255737305,34.355642327092035
DASH,12h,1765081580000000000,48.2861328125,47.78083038330078,48.60499125774365
DASH,15m,1764200210000000000,62.80842208862305,63.6485595703125,63.358243415899345
DASH,1h,1763641286000000000,82.47651672363281,63.04576873779297,70.82435610749253
DASH,1m,1764212673000000000,64.35199737548828,64.48825073242188,65.08057211877691
DASH,2h,1765236439000000000,48.04856872558594,48.29981994628906,48.60519820595837
DASH,30m,1763641521000000000,81.8427963256836,62.93173599243164,74.02533711094507
DASH,3m,1764210982000000000,63.90252685546875,64.28659057617188,63.67933407010758
DASH,4h,1765213070000000000,48.35076904296875,48.479469299316406,48.62049014818326
DASH,5m,1764211308000000000,64.02625274658203,64.35868835449219,63.97563168378524
DASH,6h,1765147420000000000,48.2794303894043,48.11499786376953,48.601150941444395
DASH,8h,1765125392000000000,48.73736190795898,47.99282836914063,48.602217041189405
DCR,12h,1763813065000000000,29.87698173522949,26.932666778564453,28.20004628373206
DCR,15m,1762280050000000000,51.91914749145508,36.39598846435547,40.07926891802697
DCR,1m,1762723659000000000,36.017906188964844,36.04123306274414,35.411013650665225
DCR,2h,1764015889000000000,26.465044021606445,26.179893493652344,26.08198831678133
DCR,3m,1762722476000000000,35.99154281616211,36.04429626464844,35.927973994992634
DCR,4h,1763989075000000000,26.68069648742676,25.992828369140625,26.133858707086002
DCR,5m,1762723269000000000,36.0600471496582,36.09862518310547,35.419175010988575
DCR,6h,1764009478000000000,26.413328170776367,25.59040069580078,26.02345612264851
DCR,8h,1763857300000000000,29.08209800720215,27.12264633178711,27.63642796389856
DOT,12h,1765081580000000000,2.23840594291687,2.2015812397003174,2.2381152120925853
DOT,15m,1762617521000000000,3.3506197929382324,3.187507152557373,3.3543911236526016
DOT,1h,1762615412000000000,3.3364923000335693,3.1848790645599365,3.3252613031962177
DOT,1m,1762827445000000000,3.1877167224884038,3.187255620956421,3.202840229915215
DOT,2h,1765236439000000000,2.200843572616577,2.1890995502471924,2.1964265412426043
DOT,30m,1762603350000000000,3.392499685287476,3.377429246902466,3.3672491804652434
DOT,3m,1762825984000000000,3.1890437602996826,3.1872317790985107,3.2031380251272714
DOT,4h,1765213070000000000,2.211911678314209,2.179625988006592,2.1976180663756555
DOT,5m,1762826242000000000,3.187937021255493,3.186239719390869,3.202840229915215
DOT,6h,1765147420000000000,2.236253023147583,2.209656238555908,2.229487185259324
DOT,8h,1765125392000000000,2.2483487129211426,2.2027735710144043,2.2648722710884828
EGLD,12h,1765081580000000000,8.093379020690918,8.1421537399292,8.115670823942006
EGLD,2h,1765236439000000000,8.011662483215332,8.014037132263184,7.968591186109604
EGLD,4h,1765213070000000000,8.103616714477539,8.114487648010254,8.16366616362668
EGLD,6h,1765147420000000000,8.102957725524902,8.122983932495117,8.1613185539274
EGLD,8h,1765125392000000000,8.196906089782715,8.214544296264648,8.231805065955164
ENS,12h,1764072654000000000,11.071627616882324,11.190013885498049,11.074835717921102
ENS,2h,1764233754000000000,11.260835647583008,11.282034873962402,11.157282941178094
ENS,4h,1764206045000000000,11.227317810058594,11.278731346130373,11.149658020409925
ENS,6h,1764204456000000000,11.265514373779297,11.347949981689451,11.15449463436507
ENS,8h,1764117081000000000,11.08110809326172,11.195155143737791,11.075435719090576
ENSO,2h,1762131398000000000,1.7863003015518188,1.7813881635665894,1.7809387388973201
ENSO,4h,1762131390000000000,1.769960880279541,1.2394553422927856,1.7804860488400267
ETC,12h,1765081580000000000,13.607706069946287,13.51977825164795,13.657702863150718
ETC,15m,1762576408000000000,18.06230735778809,17.446414947509766,17.76219958682867
ETC,1h,1762571619000000000,18.029008865356445,17.525754928588867,17.739564605982295
ETC,1m,1762609962000000000,17.47402572631836,17.42206382751465,17.335470313674183
ETC,2h,1765236439000000000,13.520848274230955,13.484525680541992,13.49920857946168
ETC,30m,1762581457000000000,18.087984085083008,17.665271759033203,17.81356599017366
ETC,3m,1762609782000000000,17.468963623046875,17.33116912841797,17.334876437904896
ETC,4h,1765213070000000000,13.558032035827637,13.46120262145996,13.550287757845746
ETC,5m,1762606258000000000,17.719552993774414,17.418912887573242,17.630454168613344
ETC,6h,1765147420000000000,13.60726833343506,13.547240257263184,13.657702863150718
ETC,8h,1765125392000000000,13.666094779968262,13.51590061187744,13.660512408256881
ETH,12h,1765081580000000000,3077.52685546875,3106.853271484375,3086.348594805465
ETH,15m,1765244251000000000,3126.81103515625,3109.38623046875,3119.718320264345
ETH,1M,1760448882000000000,3739.30859375,4018.608642578125,3856.812512873167
ETH,1d,1760448799000000000,4272.9580078125,4079.86328125,4177.926149948828
ETH,1h,1765239637000000000,3121.1123046875,3104.76806640625,3097.106083930873
ETH,1m,1765259373000000000,3117.657958984375,3119.067138671875,3118.4390647877794
ETH,1w,1760448838000000000,4265.92724609375,4132.763671875,4205.5543416182745
ETH,2h,1765236439000000000,3111.979736328125,3110.11865234375,3113.384761539063
ETH,30m,1765240034000000000,3126.161865234375,3113.507080078125,3122.6124329273357
ETH,3m,1765258683000000000,3117.32421875,3119.07421875,3118.5405827367836
ETH,4h,1765213070000000000,3110.610595703125,3108.1328125,3115.4127485853655
ETH,5m,1765258259000000000,3116.42822265625,3117.83447265625,3118.197148207068
ETH,6h,1765147420000000000,3096.9150390625,3111.6337890625,3094.892806361077
ETH,8h,1765125392000000000,3102.703369140625,3108.448486328125,3100.7824725222868
EUL,12h,1762779780000000000,5.886392593383789,5.947296142578125,5.894031853834344
EUL,2h,1762926600000000000,5.917715549468994,5.935663223266602,5.8943499781865665
EUL,4h,1762868175000000000,5.911762237548828,5.903319835662842,5.8986019712603905
EUL,6h,1762904684000000000,5.919373512268066,5.9806227684021,5.89488668994581
EUL,8h,1762736878000000000,5.940444469451904,5.900252342224121,5.959634289975999
FARM,12h,1762520285000000000,23.056760787963867,23.18623161315918,23.675569624742288
FARM,2h,1762696548000000000,24.409387588500977,24.523414611816406,24.18982982509471
FARM,4h,1762651445000000000,24.471235275268555,24.691261291503903,24.248889713906358
FARM,6h,1762650761000000000,24.304067611694336,24.55718040466309,24.32086079258377
FARM,8h,1762563785000000000,24.90913200378418,25.019500732421875,24.459782858745324
FIL,12h,1765081580000000000,1.5381897687911987,1.5217924118041992,1.5243289035423782
FIL,15m,1763520159000000000,1.9697755575180051,1.6906276941299438,1.9795051375758017
FIL,1h,1763740348000000000,1.6842730045318604,1.6533910036087036,1.6793348686201888
FIL,1m,1763750295000000000,1.660503625869751,1.6587908267974854,1.6793348686201888
FIL,2h,1765236439000000000,1.5181543827056885,1.5115050077438354,1.5243289035423782
FIL,30m,1763740543000000000,1.6986093521118164,1.6581445932388306,1.680295180560665
FIL,3m,1763749677000000000,1.66972553730011,1.6668479442596436,1.6793348686201888
FIL,4h,1765213070000000000,1.5236777067184448,1.508879542350769,1.5243289035423782
FIL,5m,1763749740000000000,1.6512346267700195,1.6496403217315674,1.6766390574119916
FIL,6h,1765147420000000000,1.5336253643035889,1.5227357149124146,1.5243289035423782
FIL,8h,1765125392000000000,1.544914484024048,1.5206371545791626,1.5243289035423782
GIGGLE,12h,1765081580000000000,92.64030456542967,91.79430389404295,92.92299305856861
GIGGLE,15m,1764720821000000000,91.70333099365234,101.52201080322266,96.46772070231921
GIGGLE,1h,1764724341000000000,93.49556732177734,103.02153778076172,95.8080014684086
GIGGLE,1m,1764790183000000000,102.13579559326172,102.09166717529295,101.91189714984286
GIGGLE,2h,1765236439000000000,92.20040893554688,91.9391632080078,92.36246251852175
GIGGLE,30m,1764724100000000000,92.77140045166016,102.12165069580078,94.2017307409733
GIGGLE,3m,1764786367000000000,102.4940948486328,102.11610412597656,102.25851416144297
GIGGLE,4h,1765213070000000000,92.3710708618164,91.745361328125,92.661071531044
GIGGLE,5m,1764789754000000000,102.21501159667967,102.14838409423828,102.15659047586732
GIGGLE,6h,1765147420000000000,93.41908264160156,92.486083984375,93.23485086228762
GIGGLE,8h,1765125392000000000,94.87457275390624,91.88722229003906,93.7389736461264
ICP,12h,1765081580000000000,3.653695821762085,3.5770206451416016,3.6456881196645208
ICP,15m,1763744234000000000,4.508711814880371,4.292271137237549,4.440324708162465
ICP,1h,1763751352000000000,4.407039642333984,4.307229518890381,4.384305733735627
ICP,1m,1764124827000000000,4.276194095611572,4.279634475708008,4.3125282786024055
ICP,2h,1765236439000000000,3.5710670948028564,3.5523030757904053,3.5959176614833415
ICP,30m,1763751541000000000,4.422773838043213,4.27885627746582,4.385664783433588
ICP,3m,1764124339000000000,4.274995803833008,4.280511379241943,4.312039955610048
ICP,4h,1765213070000000000,3.5862536430358887,3.5487096309661865,3.6022103850425755
ICP,5m,1764123866000000000,4.273879051208496,4.277895450592041,4.3122454164097554
ICP,6h,1765147420000000000,3.621734857559204,3.579075813293457,3.6101887833385535
ICP,8h,1765125392000000000,3.6421825885772714,3.5680418014526367,3.6117193779675465
ILV,12h,1762904505000000000,11.381152153015137,11.383605003356934,11.314106050024213
ILV,2h,1763710776000000000,7.902797222137451,7.881121635437012,7.917075606089381
ILV,4h,1762904753000000000,11.43626594543457,11.43727970123291,11.36351331489566
ILV,6h,1762969633000000000,10.82713794708252,7.755918025970459,10.86267190740567
ILV,8h,1762904599000000000,11.567811012268066,11.55750560760498,11.57449069729236
INJ,12h,1765081580000000000,5.731735706329346,5.669919013977051,5.730581112386376
INJ,1m,1762605844000000000,8.183538436889648,8.185786247253418,8.231805065955164
INJ,2h,1765236439000000000,5.684661388397217,5.663744449615479,5.67684462048405
INJ,3m,1762604884000000000,8.172533988952637,8.17690658569336,8.231805065955164
INJ,4h,1765213070000000000,5.697281360626221,5.653064250946045,5.690045244479346
INJ,5m,1762605214000000000,8.17402172088623,8.17555046081543,8.231805065955164
INJ,6h,1765147420000000000,5.733762264251709,5.694397449493408,5.743313290004332
INJ,8h,1765125392000000000,5.771358966827393,5.6777544021606445,5.8121182682895425
KSM,12h,1762904505000000000,12.551983833312988,12.778124809265137,12.559868692848541
KSM,1m,1762644847000000000,14.66263484954834,14.6737699508667,14.635813054709295
KSM,2h,1763078477000000000,12.540939331054688,12.367292404174805,12.543083778641115
KSM,3m,1762645236000000000,14.734382629394531,14.669419288635254,14.661546484016013
KSM,4h,1762991187000000000,12.657551765441896,12.37291431427002,12.603027845469354
KSM,5m,1762644881000000000,14.667189598083496,14.691322326660156,14.635813054709295
KSM,6h,1762969633000000000,12.530630111694336,12.057599067687988,12.520873353831336
KSM,8h,1762991394000000000,12.744211196899414,12.451008796691896,12.787709020497045
LINK,12h,1765081580000000000,14.018768310546877,14.098272323608398,13.979664225173293
LINK,15m,1765152733000000000,13.479291915893556,13.581658363342283,13.49857493298041
LINK,1h,1765151493000000000,13.374476432800291,13.591461181640623,13.388211367278853
LINK,1m,1765163723000000000,13.607437133789062,13.622386932373049,13.657702863150718
LINK,2h,1765236439000000000,14.059391021728516,14.01287078857422,14.051882765829985
LINK,30m,1765151802000000000,13.429573059082031,13.591181755065918,13.444664063102268
LINK,3m,1765162221000000000,13.602139472961426,13.606066703796388,13.657702863150718
LINK,4h,1765213070000000000,14.105637550354004,13.975787162780762,14.138175353927293
LINK,5m,1765162810000000000,13.600630760192873,13.612394332885742,13.657702863150718
LINK,6h,1765147420000000000,14.12549877166748,14.122115135192873,14.139872473030785
LINK,8h,1765125392000000000,14.164599418640137,14.049604415893556,14.147082032445292
LPT,12h,1762904505000000000,5.402131080627441,5.211675643920898,5.371626539852319
LPT,2h,1763056727000000000,5.26593828201294,4.360838890075684,5.261697576362826
LPT,4h,1762904753000000000,5.400959968566895,5.405838966369629,5.370959406735071
LPT,6h,1762969633000000000,5.408234119415283,4.332086563110352,5.309846850294488
LPT,8h,1762904599000000000,5.411734104156494,5.376255035400391,5.378064897824226
LTC,12h,1765081580000000000,83.0000228881836,82.80245971679688,82.60272380169886
LTC,15m,1764587709000000000,79.71113586425781,80.80287170410156,80.04506622170739
LTC,1h,1764636064000000000,76.18501281738281,81.69694519042969,77.94296265598243
LTC,1m,1764724488000000000,81.10030364990234,81.13117980957031,80.39360090350563
LTC,2h,1765236439000000000,82.96067810058594,82.84425354003906,82.84081881588935
LTC,30m,1764591698000000000,79.02195739746094,81.06674194335938,79.7664196053524
LTC,3m,1764723526000000000,81.04285430908203,81.11750030517578,80.58065497781317
LTC,4h,1765213070000000000,83.03409576416016,82.64198303222656,82.85210372831985
LTC,5m,1764723956000000000,81.0876235961914,81.13834381103516,80.52716894622546
LTC,6h,1765147420000000000,83.2105712890625,82.99620819091797,82.99188515663121
LTC,8h,1765125392000000000,83.38227844238281,82.85171508789062,83.40328954429309
METIS,12h,1762779780000000000,9.74194622039795,10.11001968383789,9.60207269701584
METIS,2h,1762926600000000000,10.40461254119873,10.335046768188477,10.651962052611395
METIS,4h,1762868175000000000,10.078080177307127,10.168379783630373,10.146724517850549
METIS,6h,1762845597000000000,9.936874389648438,10.234972953796388,10.117976450285061
METIS,8h,1762736878000000000,9.925406455993652,10.18771266937256,10.120380793627891
MLN,12h,1764685944000000000,6.213462829589844,6.228632926940918,6.214584331127025
MLN,2h,1764792627000000000,6.151144504547119,6.073894023895264,6.168265571347829
MLN,4h,1764770546000000000,6.207280158996582,6.025290012359619,6.19174983543106
MLN,6h,1764752584000000000,6.073315143585205,6.06983757019043,6.070132621598435
MLN,8h,1764686180000000000,6.145963668823242,6.157182216644287,6.166449071983158
MMT,15m,1762362385000000000,1.3751604557037354,1.3207327127456665,1.3665503291208205
MMT,1m,1762374905000000000,1.240099310874939,1.225246787071228,1.2244877496750195
MMT,2h,1762348712000000000,1.4367966651916504,1.4132602214813232,1.4187055924215337
MMT,3m,1762369440000000000,1.363693356513977,1.3479076623916626,1.3507604318822917
MMT,5m,1762371007000000000,1.347436547279358,1.329625964164734,1.3500011360543502
MORPHO,12h,1763164069000000000,2.0218658447265625,1.6732183694839478,2.0137521437547403
MORPHO,2h,1763863329000000000,1.6651382446289062,1.6529568433761597,1.6793348686201888
MORPHO,4h,1763815504000000000,1.6801856756210327,1.6567519903182983,1.6793348686201888
MORPHO,6h,1763814502000000000,1.6824337244033811,1.6509617567062378,1.6793348686201888
MORPHO,8h,1763770707000000000,1.6944894790649414,1.6423646211624146,1.6793348686201888
MOVR,12h,1762650032000000000,3.6773428916931152,3.806191921234131,3.7294947340786933
MOVR,2h,1762948348000000000,3.8968114852905273,3.910531044006348,3.89667790587472
MOVR,4h,1762824825000000000,3.798087120056152,3.882506847381592,3.8655534607838136
MOVR,6h,1762845597000000000,3.7986764907836914,3.8980541229248047,3.8661261533920177
MOVR,8h,1762736878000000000,3.737672328948975,3.849563598632813,3.7570404691328094
NEAR,12h,1765081580000000000,1.773010492324829,1.75460684299469,1.7807087145939289
NEAR,15m,1764026326000000000,1.8963441848754885,1.913367748260498,1.9086608518901156
NEAR,1h,1764026454000000000,1.8994419574737549,1.936673283576965,1.9088376782753012
NEAR,1m,1764039270000000000,1.932526469230652,1.9338208436965945,1.9245359571657812
NEAR,2h,1765236439000000000,1.754632592201233,1.7507563829421997,1.7804860488400267
NEAR,30m,1764026558000000000,1.896819829940796,1.9275628328323364,1.9086608518901156
NEAR,3m,1764037928000000000,1.929321885108948,1.9323562383651731,1.9223941153307575
NEAR,4h,1765213070000000000,1.7558891773223877,1.746334195137024,1.7804860488400267
NEAR,5m,1764038641000000000,1.931381344795227,1.9333924055099487,1.924386159080541
NEAR,6h,1765147420000000000,1.766800045967102,1.7563077211380005,1.7804860488400267
NEAR,8h,1765125392000000000,1.7732534408569336,1.7504674196243286,1.7807087145939289
NEO,12h,1763293872000000000,4.909396171569824,4.4277873039245605,4.855081650080641
NEO,2h,1763863329000000000,4.407286167144775,4.388573169708252,4.3751281449463715
NEO,4h,1763815504000000000,4.4606146812438965,4.404386043548584,4.422421930578743
NEO,6h,1763814502000000000,4.443913459777832,4.369022369384766,4.415077526301394
NEO,8h,1763770707000000000,4.5149126052856445,4.396165370941162,4.429898566969531
NMR,12h,1764332251000000000,11.452648162841797,11.02617359161377,11.36351331489566
NMR,15m,1763694459000000000,12.844552040100098,13.352828025817873,12.97421537252599
NMR,1m,1763702077000000000,13.122273445129396,13.281987190246582,13.064393274052453
NMR,2h,1765236439000000000,11.304610252380373,11.303666114807127,11.15449463436507
NMR,3m,1763701125000000000,12.913286209106444,13.191370010375977,13.018599535944363
NMR,4h,1765213070000000000,11.315731048583984,11.306190490722656,11.15449463436507
NMR,5m,1763700487000000000,12.932465553283691,13.067599296569824,13.020047730973442
NMR,6h,1764399429000000000,11.48072910308838,11.16586208343506,11.41272153602378
NMR,8h,1764376862000000000,11.49330234527588,11.338852882385254,11.467086869969348
OG,12h,1763164069000000000,15.570527076721191,15.62607765197754,15.543223963405143
OG,2h,1763340140000000000,15.44552516937256,15.42419719696045,15.406812755650634
OG,4h,1763294705000000000,15.533843040466309,15.503329277038574,15.512237380153561
OG,6h,1763294508000000000,15.534300804138184,15.484212875366213,15.512237380153561
OG,8h,1763251101000000000,15.473587036132812,15.447479248046877,15.434112694674067
ORCA,12h,1764951756000000000,1.2974298000335691,1.3153321743011477,1.2930022157872905
ORCA,15m,1764266561000000000,1.7430180311203003,1.7274314165115356,1.77696281677479
ORCA,1m,1764275522000000000,1.7231684923171997,1.712576985359192,1.692039879842966
ORCA,2h,1765127303000000000,1.3223553895950315,1.3188501596450806,1.3500011360543502
ORCA,3m,1764274509000000000,1.728101372718811,1.7187459468841553,1.6944517324035802
ORCA,4h,1765082802000000000,1.321831464767456,1.327616572380066,1.3500011360543502
ORCA,5m,1764274704000000000,1.7280045747756958,1.716092228889465,1.6944517324035802
ORCA,6h,1765082379000000000,1.3284173011779783,1.3195693492889404,1.3500011360543502
ORCA,8h,1765038769000000000,1.3262267112731934,1.3279465436935425,1.3500011360543502
ORDI,12h,1765081580000000000,4.031350135803223,4.068592548370361,4.0038409462082285
ORDI,15m,1762609279000000000,6.59491777420044,6.563776016235352,6.643348701442738
ORDI,1h,1762604465000000000,6.359043121337891,6.4709954261779785,6.366332035918463
ORDI,1m,1762622328000000000,6.239002227783203,6.19613790512085,6.222710977501952
ORDI,2h,1765236439000000000,4.099832057952881,4.106401443481445,4.128368442238597
ORDI,30m,1762603350000000000,6.571907997131348,6.585461616516113,6.609134900696168
ORDI,3m,1762622033000000000,6.246955871582031,6.186788082122803,6.222529307516562
ORDI,4h,1765213070000000000,4.0962114334106445,4.10655403137207,4.128368442238597
ORDI,5m,1762621934000000000,6.247034072875977,6.19993257522583,6.222529307516562
ORDI,6h,1765147420000000000,4.088222026824951,4.099030494689941,4.127780027218047
ORDI,8h,1765125392000000000,4.08260440826416,4.08563232421875,4.126588891250367
PAXG,12h,1765081580000000000,4212.73779296875,4214.9765625,4206.5062196958625
PAXG,15m,1764645933000000000,4245.92529296875,4199.685546875,4241.93936469474
PAXG,1M,1760448882000000000,3651.053955078125,3825.962646484375,3754.954574880003
PAXG,1d,1760448799000000000,3879.199462890625,4101.65087890625,4023.056565300136
PAXG,1h,1764647095000000000,4245.10791015625,4193.1455078125,4236.864614181539
PAXG,1m,1764732968000000000,4196.4482421875,4194.66845703125,4199.634598823321
PAXG,1w,1760448838000000000,3928.4248046875,4089.92919921875,4064.3605220235663
PAXG,2h,1765236439000000000,4216.376953125,4215.4560546875,4205.180787037927
PAXG,30m,1764702013000000000,4207.2177734375,4198.17236328125,4202.864380877399
PAXG,3m,1764731368000000000,4200.0283203125,4196.82861328125,4200.399696008727
PAXG,4h,1765213070000000000,4218.0126953125,4215.04345703125,4204.881406412227
PAXG,5m,1764731860000000000,4197.822265625,4195.61083984375,4199.051743031052
PAXG,6h,1765147420000000000,4215.38232421875,4216.607421875,4205.253192827831
PAXG,8h,1765125392000000000,4217.52197265625,4218.1865234375,4205.57933870733
PENDLE,12h,1764951756000000000,2.5758819580078125,2.5927212238311768,2.5888533435489096
PENDLE,2h,1765170948000000000,2.5750415325164795,2.5567407608032227,2.5888533435489096
PENDLE,4h,1765082802000000000,2.5997111797332764,2.60608983039856,2.6164359830760224
PENDLE,6h,1765082379000000000,2.5969645977020264,2.583513736724853,2.6012834389859396
PENDLE,8h,1764952128000000000,2.5805556774139404,2.602622032165528,2.5888533435489096
PYR,1m,1762646906000000000,1.0215564966201782,1.045818328857422,1.1709479202957853
PYR,3m,1762645236000000000,0.8999927043914795,1.0086982250213623,1.1688215797184527
PYR,5m,1762646972000000000,1.0451152324676514,1.072988510131836,1.1709479202957853
QNT,12h,1764951756000000000,96.98025512695312,94.46170043945312,96.3204540311099
QNT,2h,1765083667000000000,95.66280364990234,95.06104278564452,95.62579139459207
QNT,4h,1765039382000000000,96.06563568115234,95.3201141357422,95.6186474441574
QNT,6h,1765017357000000000,95.52369689941406,94.7483901977539,95.53721549804678
QNT,8h,1764952128000000000,96.84043884277344,96.3511199951172,96.35439022773284
RAY,12h,1763553477000000000,1.255937576293945,1.1317720413208008,1.2631968955165402
RAY,2h,1763667172000000000,1.2364604473114014,1.124315857887268,1.217756531264984
RAY,4h,1763555127000000000,1.273525595664978,1.2380520105361938,1.2631968955165402
RAY,6h,1763489529000000000,1.3069809675216677,1.2713117599487305,1.3487332801107743
RAY,8h,1763424307000000000,1.364891529083252,1.2836453914642334,1.3507604318822917
RENDER,12h,1765081580000000000,1.6822267770767212,1.649625539779663,1.6793348686201888
RENDER,1m,1762582576000000000,2.6717660427093506,2.678884506225586,2.6631810957842794
RENDER,2h,1765236439000000000,1.6534510850906372,1.6457393169403076,1.678388975743744
RENDER,30m,1762570506000000000,2.4802396297454834,2.6331143379211426,2.4716900039725362
RENDER,3m,1762581592000000000,2.6611790657043457,2.6753292083740234,2.6622770953948907
RENDER,4h,1765213070000000000,1.6608234643936155,1.6424639225006104,1.6793348686201888
RENDER,5m,1762581225000000000,2.656189441680908,2.6684277057647705,2.6616022499836576
RENDER,6h,1765147420000000000,1.680862307548523,1.6598507165908811,1.6793348686201888
RENDER,8h,1764952128000000000,1.6789288520812988,1.692349553108215,1.6793348686201888
SANTOS,12h,1764685944000000000,2.086520195007324,2.085801601409912,2.0814663777681384
SANTOS,2h,1764901800000000000,2.046895980834961,2.0418541431427,2.049118427487693
SANTOS,4h,1764813970000000000,2.089210271835327,2.0626494884490967,2.0825460986226263
SANTOS,6h,1764770546000000000,2.084186792373657,2.05263614654541,2.0778850810650926
SANTOS,8h,1764770305000000000,2.102543354034424,2.06584906578064,2.1050897897601093
SOL,12h,1765081580000000000,138.20323181152344,136.88095092773438,138.2626880888377
SOL,15m,1765244251000000000,136.70855712890625,135.2343292236328,136.69590464618807
SOL,1h,1765239637000000000,136.7328643798828,135.03826904296875,136.6714066195684
SOL,1m,1765259373000000000,134.5443572998047,134.50286865234375,134.2745708554854
SOL,2h,1765236439000000000,136.98606872558594,136.36155700683594,137.0239718700922
SOL,30m,1765240034000000000,137.0204620361328,135.5693359375,137.01467815087673
SOL,3m,1765258683000000000,134.6044921875,134.51492309570312,134.286605967937
SOL,4h,1765213070000000000,137.18141174316406,136.03530883789062,137.07003749266522
SOL,5m,1765258259000000000,134.625732421875,134.5225372314453,134.28631462463875
SOL,6h,1765147420000000000,138.2624969482422,137.11264038085938,138.3115766052281
SOL,8h,1765125392000000000,138.88040161132812,136.7924346923828,138.63846572105237
SSV,12h,1762650032000000000,4.272438049316406,4.706110000610352,4.36082916050646
SSV,2h,1762904834000000000,4.675803661346436,4.698456287384033,4.7529907561804965
SSV,4h,1762868175000000000,4.63709020614624,4.670906066894531,4.759853112642324
SSV,6h,1762845597000000000,4.618843078613281,4.68522310256958,4.764962079513633
SSV,8h,1762650332000000000,4.267145156860352,4.644899845123291,4.340125368842832
SUI,12h,1765081580000000000,1.6306661367416382,1.6106969118118286,1.605620511048531
SUI,15m,1765244251000000000,1.611823320388794,1.605771541595459,1.6042675088849117
SUI,1h,1765239637000000000,1.6126941442489624,1.60948646068573,1.6042675088849117
SUI,1m,1765253239000000000,1.6071813106536863,1.6076723337173462,1.6042675088849117
SUI,2h,1765236439000000000,1.614330768585205,1.6104776859283447,1.6042675088849117
SUI,30m,1765240034000000000,1.612391233444214,1.6081379652023315,1.6042675088849117
SUI,3m,1765252169000000000,1.6082804203033447,1.6073225736618042,1.6042675088849117
SUI,4h,1765213070000000000,1.6215126514434814,1.609485149383545,1.6043957844053898
SUI,5m,1765252649000000000,1.6075016260147097,1.6076931953430176,1.6042675088849117
SUI,6h,1765147420000000000,1.6398931741714478,1.6186094284057615,1.648633436610116
SUI,8h,1765125392000000000,1.649865984916687,1.6122993230819702,1.673793945027834
TAO,12h,1765081580000000000,284.94598388671875,288.5188903808594,285.70410677947183
TAO,15m,1764729141000000000,280.1536560058594,308.1472473144531,302.063523841283
TAO,1h,1763949430000000000,294.4727783203125,280.4565734863281,284.361569727629
TAO,1m,1764872568000000000,308.5794372558594,308.8016662597656,307.76509466035697
TAO,2h,1765236439000000000,290.09796142578125,290.1903686523437,288.0299891593118
TAO,30m,1763949558000000000,293.97076416015625,277.5357666015625,285.0345196854863
TAO,3m,1764871817000000000,308.4681396484375,308.8531799316406,307.650443119685
TAO,4h,1765213070000000000,288.9183959960937,289.706787109375,289.5806349330246
TAO,5m,1764726207000000000,278.5390625,308.5223999023437,304.5753082577888
TAO,6h,1765147420000000000,287.4823608398437,289.25201416015625,287.27421935283047
TAO,8h,1765125392000000000,287.73663330078125,289.1470031738281,287.4582373188711
TON,12h,1765081580000000000,1.5932317972183228,1.6105414628982544,1.6042675088849117
TON,2h,1765236439000000000,1.6116845607757568,1.6100140810012815,1.6042675088849117
TON,4h,1765213070000000000,1.608554720878601,1.6093310117721558,1.6042675088849117
TON,6h,1765147420000000000,1.5982823371887207,1.607053279876709,1.6042675088849117
TON,8h,1765125392000000000,1.5999759435653689,1.6075763702392578,1.6042675088849117
TRB,12h,1764951756000000000,21.300050735473636,21.626798629760746,21.418269223079637
TRB,15m,1763152941000000000,27.2705135345459,26.414609909057617,27.01768928347512
TRB,1h,1763157048000000000,26.40584945678711,26.042156219482425,25.97139083815018
TRB,1m,1763164839000000000,26.9482421875,26.893871307373047,26.964805814957604
TRB,2h,1765018193000000000,21.45277404785156,21.67287254333496,21.418269223079637
TRB,30m,1763146249000000000,27.211641311645508,27.07016944885254,27.161678028506937
TRB,3m,1763163675000000000,26.98953628540039,26.93865776062012,27.050049145789714
TRB,4h,1764952533000000000,21.31315040588379,21.301912307739254,21.426090947432087
TRB,5m,1763164426000000000,26.97177124023437,26.89051628112793,27.008704769901083
TRB,6h,1765017357000000000,21.38912010192871,21.65346336364746,21.418269223079637
TRB,8h,1763857300000000000,22.655426025390625,21.32881164550781,21.82249283473174
TRUMP,12h,1765081580000000000,5.935619354248047,5.814014911651611,5.96333120618467
TRUMP,15m,1763086496000000000,7.377021312713623,7.254720687866211,7.369789963662354
TRUMP,1h,1763168067000000000,7.247406482696533,6.326991081237793,7.224899385214223
TRUMP,1m,1763750295000000000,6.313624382019043,6.312195777893066,6.341153096631011
TRUMP,2h,1765236439000000000,5.820696830749512,5.806056022644043,5.850287277594808
TRUMP,30m,1763168277000000000,7.241353034973144,6.338311672210693,7.218752983326771
TRUMP,3m,1763749677000000000,6.329089641571045,6.326622486114502,6.358050683229987
TRUMP,4h,1765213070000000000,5.8384881019592285,5.7952375411987305,5.850287277594808
TRUMP,5m,1763749740000000000,6.298810005187988,6.296925067901611,6.323515360756854
TRUMP,6h,1765147420000000000,5.915388584136963,5.834702968597412,5.891857044375113
TRUMP,8h,1765125392000000000,5.946097373962402,5.8172287940979,5.958491929785612
TWT,12h,1762904505000000000,1.2753515243530271,1.2557928562164309,1.2631968955165402
TWT,2h,1763034979000000000,1.262690782546997,1.2597205638885498,1.2631968955165402
TWT,4h,1762904753000000000,1.2639031410217283,1.274463415145874,1.2631968955165402
TWT,6h,1762904684000000000,1.268101692199707,1.2754738330841064,1.2631968955165402
TWT,8h,1762904599000000000,1.262921690940857,1.2682793140411377,1.2631968955165402
UNI,12h,1765081580000000000,5.805526256561279,5.727900981903076,5.844881032032376
UNI,15m,1763785789000000000,6.391319751739502,5.723119735717773,6.368250614192327
UNI,1h,1764580883000000000,5.68882417678833,5.610291481018066,5.677399534354154
UNI,1m,1764592800000000000,5.706295967102051,5.698442935943604,5.696698250092945
UNI,2h,1765236439000000000,5.7450270652771,5.72378396987915,5.7491075262298565
UNI,30m,1764580662000000000,5.750033855438232,5.666291236877441,5.756063982232761
UNI,3m,1764591920000000000,5.715193748474121,5.696176052093506,5.7198029912240544
UNI,4h,1765213070000000000,5.763558864593506,5.710626125335693,5.796193944833696
UNI,5m,1764591535000000000,5.70868730545044,5.694299221038818,5.697533448118432
UNI,6h,1765147420000000000,5.824702262878418,5.756033420562744,5.84940963023705
UNI,8h,1765125392000000000,5.857542991638184,5.733861446380615,5.850030702517086
VANA,12h,1762260794000000000,2.9649529457092285,2.965761661529541,2.9576275495782327
VANA,2h,1762370454000000000,2.971143245697021,2.9752979278564453,2.958738866086398
VANA,4h,1762348035000000000,2.974453926086426,2.9761643409729004,2.9591103348297745
VANA,6h,1762326036000000000,2.9716620445251465,2.979553461074829,2.9588628199458005
VANA,8h,1762131053000000000,2.9466042518615723,2.9594554901123047,2.9326628649024413
VIRTUAL,12h,1763034252000000000,1.3914268016815186,1.3416826725006104,1.4030466198588436
VIRTUAL,15m,1762995768000000000,1.299363374710083,1.2750951051712036,1.2931714463598174
VIRTUAL,1h,1762779632000000000,1.5747159719467163,1.2641266584396362,1.5747653068418455
VIRTUAL,1m,1763007000000000000,1.2694525718688965,1.2665140628814695,1.2631968955165402
VIRTUAL,2h,1763122091000000000,1.3827641010284424,1.3637914657592771,1.3717518312656685
VIRTUAL,30m,1762767466000000000,1.5169339179992676,1.2723166942596436,1.5243289035423782
VIRTUAL,3m,1763005450000000000,1.2744535207748413,1.2694536447525024,1.2631968955165402
VIRTUAL,4h,1762991187000000000,1.429388403892517,1.385909914970398,1.4187055924215337
VIRTUAL,5m,1763005405000000000,1.2741652727127075,1.2698135375976562,1.2631968955165402
VIRTUAL,6h,1762969633000000000,1.429454684257507,1.3775763511657717,1.4187055924215337
VIRTUAL,8h,1762991394000000000,1.426396131515503,1.381988525390625,1.4187055924215337
WBETH,12h,1764685944000000000,3132.954345703125,3133.2080078125,3131.9792435719355
WBETH,1M,1760448882000000000,4315.140625,4224.9521484375,4171.85995872793
WBETH,1d,1760448799000000000,4066.751220703125,4050.707763671875,4065.630500178782
WBETH,1w,1760448838000000000,4457.85693359375,4445.6611328125,4440.162031720194
WBETH,2h,1764764431000000000,3129.060302734375,3129.18701171875,3130.312548521532
WBETH,4h,1764731675000000000,3124.31884765625,3122.05078125,3126.8483342940453
WBETH,6h,1764752583000000000,3119.83544921875,3123.58251953125,3124.514489710377
WBETH,8h,1764686180000000000,3118.873046875,3126.072021484375,3106.736473739706
WBTC,12h,1765081580000000000,91094.5078125,91011.3984375,91151.2501327635
WBTC,1M,1760448882000000000,111030.0234375,111531.5546875,111429.32747175732
WBTC,1d,1760448799000000000,116596.34375,113677.84375,114346.55998748206
WBTC,1w,1760448838000000000,116565.2890625,114102.53125,114440.74742849945
WBTC,2h,1765236439000000000,90909.875,90748.125,90704.30648934051
WBTC,4h,1765213070000000000,91113.34375,90721.109375,91053.09584952366
WBTC,6h,1765147420000000000,91401.3359375,91077.203125,91258.58570692442
WBTC,8h,1765125392000000000,91539.15625,90896.0078125,91091.16142846078
XNO,12h,1762904504000000000,1.1230390071868896,1.3393125534057615,1.211244269135887
XNO,2h,1763056726000000000,1.3355034589767456,1.3385144472122192,1.3500011360543502
XNO,4h,1762991187000000000,1.2921953201293943,1.3280553817749023,1.292169083841014
XNO,6h,1762904684000000000,1.1047983169555664,1.2598546743392944,1.2108733340789803
XNO,8h,1762991394000000000,1.3092011213302612,1.329481601715088,1.3500011360543502
XRP,12h,1765081580000000000,2.112727165222168,2.0853495597839355,2.107073542231921
XRP,15m,1765244251000000000,2.0870304107666016,2.076609373092652,2.0814663777681384
XRP,1h,1765239637000000000,2.082944869995117,2.074760913848877,2.0774990248048875
XRP,1m,1765259373000000000,2.0794808864593506,2.0799739360809326,2.0759128209272832
XRP,2h,1765236439000000000,2.090306043624878,2.0831573009490967,2.0825460986226263
XRP,30m,1765240034000000000,2.0850579738616943,2.0796589851379395,2.0786456241243285
XRP,3m,1765258683000000000,2.0790159702301025,2.079519033432007,2.0744179703721692
XRP,4h,1765213070000000000,2.095333814620972,2.080890893936157,2.090930189558428
XRP,5m,1765258259000000000,2.078999757766724,2.079516887664795,2.0744179703721692
XRP,6h,1765147420000000000,2.112146377563477,2.0935089588165283,2.107073542231921
XRP,8h,1765125392000000000,2.1204161643981934,2.0879414081573486,2.1215894985612
YFI,1M,1760448882000000000,5195.3203125,5124.92626953125,5087.6012824056
YFI,1d,1760448799000000000,5214.85888671875,4969.693359375,5012.387271191407
YFI,1w,1760448838000000000,5185.76220703125,4946.67041015625,5004.111982747397
ZEC,12h,1765081580000000000,343.43609619140625,355.87371826171875,347.3784904317859
ZEC,15m,1765244250000000000,406.0464477539063,411.4625244140625,406.61826819926466
ZEC,1h,1765239637000000000,399.124755859375,412.7349243164063,402.27842502039516
ZEC,1m,1765259373000000000,413.0796508789063,412.5627136230469,411.5343133658527
ZEC,2h,1765236439000000000,362.8514099121094,366.8423767089844,366.6964933423153
ZEC,30m,1765240034000000000,398.9258728027344,411.1958923339844,402.1564033899609
ZEC,3m,1765258683000000000,413.486328125,412.5523681640625,411.54456769391555
ZEC,4h,1765213070000000000,358.5478515625,367.3125915527344,362.7224925172159
ZEC,5m,1765258259000000000,413.4634094238281,412.7445373535156,411.27990946207194
ZEC,6h,1765147420000000000,350.51666259765625,357.6940612792969,349.9246991063315
ZEC,8h,1765125392000000000,347.5478515625,358.1791076660156,349.5789422049651
ZEN,12h,1765081580000000000,9.143315315246582,8.92342758178711,9.090644759157977
ZEN,15m,1763578299000000000,14.422513008117676,15.406027793884276,14.411879417110923
ZEN,1h,1763575229000000000,14.3130521774292,15.387629508972168,14.323050339949546
ZEN,1m,1763648700000000000,15.491509437561035,15.493057250976562,15.439137713028524
ZEN,2h,1765236439000000000,8.9287748336792,8.876530647277832,8.858810116671592
ZEN,30m,1763564474000000000,14.393959045410156,15.308969497680664,14.405524172325707
ZEN,3m,1763644867000000000,15.41659450531006,15.488741874694824,15.402812736100552
ZEN,4h,1765213070000000000,8.972655296325684,8.867295265197754,8.921540788558866
ZEN,5m,1763645594000000000,15.451929092407228,15.4938383102417,15.407306416150307
ZEN,6h,1765147420000000000,9.078181266784668,8.942498207092285,9.052899723222085
ZEN,8h,1765125392000000000,9.15792465209961,8.93697738647461,9.100899224824861
ZRO,12h,1764951756000000000,1.3635499477386477,1.4077825546264648,1.3507604318822917
ZRO,2h,1765127303000000000,1.421067714691162,1.4207439422607422,1.4187055924215337
ZRO,4h,1765082802000000000,1.4131386280059814,1.42861807346344,1.4187055924215337
ZRO,6h,1765017357000000000,1.386273741722107,1.411803960800171,1.3735285117850211
ZRO,8h,1764952128000000000,1.3630080223083496,1.403886318206787,1.3507604318822917
